{"cameraMode":{"drawMode":0,"name":"Shaded","section":"Shading Mode"},"sceneLighting":false,"audioPlay":false,"sceneViewState":{"showFog":true,"showMaterialUpdate":false,"showSkybox":false,"showFlares":true,"showImageEffects":true,"showParticleSystems":true},"in2DMode":false,"pivot":{"x":-0.8888216018676758,"y":-0.35064080357551577,"z":-0.5423775911331177},"rotation":{"x":-0.42981624603271487,"y":0.46641790866851809,"z":-0.277874618768692,"w":-0.721455991268158},"size":5.6660261154174809,"orthographic":false}